﻿Designator,Footprint,Quantity,Value,LCSC Part #
"C1, C3, C4, C5",0402,4,0.1uF,C1525
C2,0402,1,1uF,C52923
C6,0402,1,15pF,C1548
D1,0805,1,LED,C2297
J1,FPC-SMD_18P-P1.00_JS_AFA07-S18XXX,1,~,C262744
J2,CONN-SMD_APCI0146-P001A,1,Bus_M.2_Socket_M,C841645
J4,TF-SMD_503398-1892,1,~,C428492
R1,0402,1,10K,C25744
R4,0402,1,0,C17168
R7,0805,1,25,C17544
U1,TMUXHS221NKGT,1,~,C7362468
U2,TSSOP-16_4.4x5mm_P0.65mm,1,~,C2673443
Y1,OSC-SMD_4P-L3.2-W2.5-BL_TG-5006CE,1,OK2EL89CJI-111YLC-32.768K,C5280579
